<?xml version="1.0" standalone="yes"?>
<xs:schema id="GalleryServerData" xmlns="" xmlns:xs="http://www.w3.org/2001/XMLSchema" xmlns:msdata="urn:schemas-microsoft-com:xml-msdata">
  <xs:element name="GalleryServerData" msdata:IsDataSet="true" msdata:UseCurrentLocale="true">
    <xs:complexType>
      <xs:choice minOccurs="0" maxOccurs="unbounded">
        <xs:element name="aspnet_Applications">
          <xs:complexType>
            <xs:sequence>
              <xs:element name="ApplicationName">
                <xs:simpleType>
                  <xs:restriction base="xs:string">
                    <xs:maxLength value="256" />
                  </xs:restriction>
                </xs:simpleType>
              </xs:element>
              <xs:element name="LoweredApplicationName">
                <xs:simpleType>
                  <xs:restriction base="xs:string">
                    <xs:maxLength value="256" />
                  </xs:restriction>
                </xs:simpleType>
              </xs:element>
              <xs:element name="ApplicationId" msdata:DataType="System.Guid, mscorlib, Version=2.0.0.0, Culture=neutral, PublicKeyToken=b77a5c561934e089" type="xs:string" />
              <xs:element name="Description" minOccurs="0">
                <xs:simpleType>
                  <xs:restriction base="xs:string">
                    <xs:maxLength value="256" />
                  </xs:restriction>
                </xs:simpleType>
              </xs:element>
            </xs:sequence>
          </xs:complexType>
        </xs:element>
        <xs:element name="aspnet_Membership">
          <xs:complexType>
            <xs:sequence>
              <xs:element name="ApplicationId" msdata:DataType="System.Guid, mscorlib, Version=2.0.0.0, Culture=neutral, PublicKeyToken=b77a5c561934e089" type="xs:string" />
              <xs:element name="UserId" msdata:DataType="System.Guid, mscorlib, Version=2.0.0.0, Culture=neutral, PublicKeyToken=b77a5c561934e089" type="xs:string" />
              <xs:element name="Password">
                <xs:simpleType>
                  <xs:restriction base="xs:string">
                    <xs:maxLength value="128" />
                  </xs:restriction>
                </xs:simpleType>
              </xs:element>
              <xs:element name="PasswordFormat" type="xs:int" />
              <xs:element name="PasswordSalt">
                <xs:simpleType>
                  <xs:restriction base="xs:string">
                    <xs:maxLength value="128" />
                  </xs:restriction>
                </xs:simpleType>
              </xs:element>
              <xs:element name="MobilePIN" minOccurs="0">
                <xs:simpleType>
                  <xs:restriction base="xs:string">
                    <xs:maxLength value="16" />
                  </xs:restriction>
                </xs:simpleType>
              </xs:element>
              <xs:element name="Email" minOccurs="0">
                <xs:simpleType>
                  <xs:restriction base="xs:string">
                    <xs:maxLength value="256" />
                  </xs:restriction>
                </xs:simpleType>
              </xs:element>
              <xs:element name="LoweredEmail" minOccurs="0">
                <xs:simpleType>
                  <xs:restriction base="xs:string">
                    <xs:maxLength value="256" />
                  </xs:restriction>
                </xs:simpleType>
              </xs:element>
              <xs:element name="PasswordQuestion" minOccurs="0">
                <xs:simpleType>
                  <xs:restriction base="xs:string">
                    <xs:maxLength value="256" />
                  </xs:restriction>
                </xs:simpleType>
              </xs:element>
              <xs:element name="PasswordAnswer" minOccurs="0">
                <xs:simpleType>
                  <xs:restriction base="xs:string">
                    <xs:maxLength value="128" />
                  </xs:restriction>
                </xs:simpleType>
              </xs:element>
              <xs:element name="IsApproved" type="xs:boolean" />
              <xs:element name="IsLockedOut" type="xs:boolean" />
              <xs:element name="CreateDate" type="xs:dateTime" />
              <xs:element name="LastLoginDate" type="xs:dateTime" />
              <xs:element name="LastPasswordChangedDate" type="xs:dateTime" />
              <xs:element name="LastLockoutDate" type="xs:dateTime" />
              <xs:element name="FailedPasswordAttemptCount" type="xs:int" />
              <xs:element name="FailedPasswordAttemptWindowStart" type="xs:dateTime" />
              <xs:element name="FailedPasswordAnswerAttemptCount" type="xs:int" />
              <xs:element name="FailedPasswordAnswerAttemptWindowStart" type="xs:dateTime" />
              <xs:element name="Comment" minOccurs="0">
                <xs:simpleType>
                  <xs:restriction base="xs:string">
                    <xs:maxLength value="1073741823" />
                  </xs:restriction>
                </xs:simpleType>
              </xs:element>
            </xs:sequence>
          </xs:complexType>
        </xs:element>
        <xs:element name="aspnet_Profile">
          <xs:complexType>
            <xs:sequence>
              <xs:element name="UserId" msdata:DataType="System.Guid, mscorlib, Version=2.0.0.0, Culture=neutral, PublicKeyToken=b77a5c561934e089" type="xs:string" />
              <xs:element name="PropertyNames">
                <xs:simpleType>
                  <xs:restriction base="xs:string">
                    <xs:maxLength value="1073741823" />
                  </xs:restriction>
                </xs:simpleType>
              </xs:element>
              <xs:element name="PropertyValuesString">
                <xs:simpleType>
                  <xs:restriction base="xs:string">
                    <xs:maxLength value="1073741823" />
                  </xs:restriction>
                </xs:simpleType>
              </xs:element>
              <xs:element name="PropertyValuesBinary" type="xs:base64Binary" />
              <xs:element name="LastUpdatedDate" type="xs:dateTime" />
            </xs:sequence>
          </xs:complexType>
        </xs:element>
        <xs:element name="aspnet_Roles">
          <xs:complexType>
            <xs:sequence>
              <xs:element name="ApplicationId" msdata:DataType="System.Guid, mscorlib, Version=2.0.0.0, Culture=neutral, PublicKeyToken=b77a5c561934e089" type="xs:string" />
              <xs:element name="RoleId" msdata:DataType="System.Guid, mscorlib, Version=2.0.0.0, Culture=neutral, PublicKeyToken=b77a5c561934e089" type="xs:string" />
              <xs:element name="RoleName">
                <xs:simpleType>
                  <xs:restriction base="xs:string">
                    <xs:maxLength value="256" />
                  </xs:restriction>
                </xs:simpleType>
              </xs:element>
              <xs:element name="LoweredRoleName">
                <xs:simpleType>
                  <xs:restriction base="xs:string">
                    <xs:maxLength value="256" />
                  </xs:restriction>
                </xs:simpleType>
              </xs:element>
              <xs:element name="Description" minOccurs="0">
                <xs:simpleType>
                  <xs:restriction base="xs:string">
                    <xs:maxLength value="256" />
                  </xs:restriction>
                </xs:simpleType>
              </xs:element>
            </xs:sequence>
          </xs:complexType>
        </xs:element>
        <xs:element name="aspnet_Users">
          <xs:complexType>
            <xs:sequence>
              <xs:element name="ApplicationId" msdata:DataType="System.Guid, mscorlib, Version=2.0.0.0, Culture=neutral, PublicKeyToken=b77a5c561934e089" type="xs:string" />
              <xs:element name="UserId" msdata:DataType="System.Guid, mscorlib, Version=2.0.0.0, Culture=neutral, PublicKeyToken=b77a5c561934e089" type="xs:string" />
              <xs:element name="UserName">
                <xs:simpleType>
                  <xs:restriction base="xs:string">
                    <xs:maxLength value="256" />
                  </xs:restriction>
                </xs:simpleType>
              </xs:element>
              <xs:element name="LoweredUserName">
                <xs:simpleType>
                  <xs:restriction base="xs:string">
                    <xs:maxLength value="256" />
                  </xs:restriction>
                </xs:simpleType>
              </xs:element>
              <xs:element name="MobileAlias" minOccurs="0">
                <xs:simpleType>
                  <xs:restriction base="xs:string">
                    <xs:maxLength value="16" />
                  </xs:restriction>
                </xs:simpleType>
              </xs:element>
              <xs:element name="IsAnonymous" type="xs:boolean" />
              <xs:element name="LastActivityDate" type="xs:dateTime" />
            </xs:sequence>
          </xs:complexType>
        </xs:element>
        <xs:element name="aspnet_UsersInRoles">
          <xs:complexType>
            <xs:sequence>
              <xs:element name="UserId" msdata:DataType="System.Guid, mscorlib, Version=2.0.0.0, Culture=neutral, PublicKeyToken=b77a5c561934e089" type="xs:string" />
              <xs:element name="RoleId" msdata:DataType="System.Guid, mscorlib, Version=2.0.0.0, Culture=neutral, PublicKeyToken=b77a5c561934e089" type="xs:string" />
            </xs:sequence>
          </xs:complexType>
        </xs:element>
        <xs:element name="gs_Album">
          <xs:complexType>
            <xs:sequence>
              <xs:element name="AlbumId" msdata:ReadOnly="true" msdata:AutoIncrement="true" type="xs:int" />
              <xs:element name="FKGalleryId" type="xs:int" />
              <xs:element name="AlbumParentId" type="xs:int" />
              <xs:element name="Title">
                <xs:simpleType>
                  <xs:restriction base="xs:string">
                    <xs:maxLength value="200" />
                  </xs:restriction>
                </xs:simpleType>
              </xs:element>
              <xs:element name="DirectoryName">
                <xs:simpleType>
                  <xs:restriction base="xs:string">
                    <xs:maxLength value="255" />
                  </xs:restriction>
                </xs:simpleType>
              </xs:element>
              <xs:element name="Summary">
                <xs:simpleType>
                  <xs:restriction base="xs:string">
                    <xs:maxLength value="1500" />
                  </xs:restriction>
                </xs:simpleType>
              </xs:element>
              <xs:element name="ThumbnailMediaObjectId" type="xs:int" />
              <xs:element name="Seq" type="xs:int" />
              <xs:element name="DateStart" type="xs:dateTime" minOccurs="0" />
              <xs:element name="DateEnd" type="xs:dateTime" minOccurs="0" />
              <xs:element name="DateAdded" type="xs:dateTime" />
              <xs:element name="CreatedBy">
                <xs:simpleType>
                  <xs:restriction base="xs:string">
                    <xs:maxLength value="256" />
                  </xs:restriction>
                </xs:simpleType>
              </xs:element>
              <xs:element name="LastModifiedBy">
                <xs:simpleType>
                  <xs:restriction base="xs:string">
                    <xs:maxLength value="256" />
                  </xs:restriction>
                </xs:simpleType>
              </xs:element>
              <xs:element name="DateLastModified" type="xs:dateTime" />
              <xs:element name="OwnedBy">
                <xs:simpleType>
                  <xs:restriction base="xs:string">
                    <xs:maxLength value="256" />
                  </xs:restriction>
                </xs:simpleType>
              </xs:element>
              <xs:element name="OwnerRoleName">
                <xs:simpleType>
                  <xs:restriction base="xs:string">
                    <xs:maxLength value="256" />
                  </xs:restriction>
                </xs:simpleType>
              </xs:element>
              <xs:element name="IsPrivate" type="xs:boolean" />
            </xs:sequence>
          </xs:complexType>
        </xs:element>
        <xs:element name="gs_Gallery">
          <xs:complexType>
            <xs:sequence>
              <xs:element name="GalleryId" type="xs:int" />
              <xs:element name="Description">
                <xs:simpleType>
                  <xs:restriction base="xs:string">
                    <xs:maxLength value="100" />
                  </xs:restriction>
                </xs:simpleType>
              </xs:element>
            </xs:sequence>
          </xs:complexType>
        </xs:element>
        <xs:element name="gs_MediaObject">
          <xs:complexType>
            <xs:sequence>
              <xs:element name="MediaObjectId" msdata:ReadOnly="true" msdata:AutoIncrement="true" type="xs:int" />
              <xs:element name="FKAlbumId" type="xs:int" />
              <xs:element name="Title">
                <xs:simpleType>
                  <xs:restriction base="xs:string">
                    <xs:maxLength value="1000" />
                  </xs:restriction>
                </xs:simpleType>
              </xs:element>
              <xs:element name="HashKey">
                <xs:simpleType>
                  <xs:restriction base="xs:string">
                    <xs:maxLength value="47" />
                  </xs:restriction>
                </xs:simpleType>
              </xs:element>
              <xs:element name="ThumbnailFilename">
                <xs:simpleType>
                  <xs:restriction base="xs:string">
                    <xs:maxLength value="255" />
                  </xs:restriction>
                </xs:simpleType>
              </xs:element>
              <xs:element name="ThumbnailWidth" type="xs:int" />
              <xs:element name="ThumbnailHeight" type="xs:int" />
              <xs:element name="ThumbnailSizeKB" type="xs:int" />
              <xs:element name="OptimizedFilename">
                <xs:simpleType>
                  <xs:restriction base="xs:string">
                    <xs:maxLength value="255" />
                  </xs:restriction>
                </xs:simpleType>
              </xs:element>
              <xs:element name="OptimizedWidth" type="xs:int" />
              <xs:element name="OptimizedHeight" type="xs:int" />
              <xs:element name="OptimizedSizeKB" type="xs:int" />
              <xs:element name="OriginalFilename">
                <xs:simpleType>
                  <xs:restriction base="xs:string">
                    <xs:maxLength value="255" />
                  </xs:restriction>
                </xs:simpleType>
              </xs:element>
              <xs:element name="OriginalWidth" type="xs:int" />
              <xs:element name="OriginalHeight" type="xs:int" />
              <xs:element name="OriginalSizeKB" type="xs:int" />
							<xs:element name="ExternalHtmlSource">
								<xs:simpleType>
									<xs:restriction base="xs:string">
										<xs:maxLength value="4000" />
									</xs:restriction>
								</xs:simpleType>
							</xs:element>
							<xs:element name="ExternalType">
								<xs:simpleType>
									<xs:restriction base="xs:string">
										<xs:maxLength value="15" />
									</xs:restriction>
								</xs:simpleType>
							</xs:element>
							<xs:element name="Seq" type="xs:int" />
              <xs:element name="CreatedBy">
                <xs:simpleType>
                  <xs:restriction base="xs:string">
                    <xs:maxLength value="256" />
                  </xs:restriction>
                </xs:simpleType>
              </xs:element>
              <xs:element name="DateAdded" type="xs:dateTime" />
              <xs:element name="LastModifiedBy">
                <xs:simpleType>
                  <xs:restriction base="xs:string">
                    <xs:maxLength value="256" />
                  </xs:restriction>
                </xs:simpleType>
              </xs:element>
              <xs:element name="DateLastModified" type="xs:dateTime" />
              <xs:element name="IsPrivate" type="xs:boolean" />
            </xs:sequence>
          </xs:complexType>
        </xs:element>
        <xs:element name="gs_MediaObjectMetadata">
          <xs:complexType>
            <xs:sequence>
              <xs:element name="MediaObjectMetadataId" msdata:ReadOnly="true" msdata:AutoIncrement="true" type="xs:int" />
              <xs:element name="FKMediaObjectId" type="xs:int" />
              <xs:element name="MetadataNameIdentifier" type="xs:int" />
              <xs:element name="Description">
                <xs:simpleType>
                  <xs:restriction base="xs:string">
                    <xs:maxLength value="100" />
                  </xs:restriction>
                </xs:simpleType>
              </xs:element>
              <xs:element name="Value">
                <xs:simpleType>
                  <xs:restriction base="xs:string">
                    <xs:maxLength value="2000" />
                  </xs:restriction>
                </xs:simpleType>
              </xs:element>
            </xs:sequence>
          </xs:complexType>
        </xs:element>
        <xs:element name="gs_Role">
          <xs:complexType>
            <xs:sequence>
              <xs:element name="RoleName">
                <xs:simpleType>
                  <xs:restriction base="xs:string">
                    <xs:maxLength value="256" />
                  </xs:restriction>
                </xs:simpleType>
              </xs:element>
              <xs:element name="FKGalleryId" type="xs:int" />
              <xs:element name="AllowViewAlbumsAndObjects" type="xs:boolean" />
              <xs:element name="AllowViewOriginalImage" type="xs:boolean" />
              <xs:element name="AllowAddChildAlbum" type="xs:boolean" />
              <xs:element name="AllowAddMediaObject" type="xs:boolean" />
              <xs:element name="AllowEditAlbum" type="xs:boolean" />
              <xs:element name="AllowEditMediaObject" type="xs:boolean" />
              <xs:element name="AllowDeleteChildAlbum" type="xs:boolean" />
              <xs:element name="AllowDeleteMediaObject" type="xs:boolean" />
              <xs:element name="AllowSynchronize" type="xs:boolean" />
              <xs:element name="HideWatermark" type="xs:boolean" />
              <xs:element name="AllowAdministerSite" type="xs:boolean" />
            </xs:sequence>
          </xs:complexType>
        </xs:element>
        <xs:element name="gs_Role_Album">
          <xs:complexType>
            <xs:sequence>
              <xs:element name="FKRoleName">
                <xs:simpleType>
                  <xs:restriction base="xs:string">
                    <xs:maxLength value="256" />
                  </xs:restriction>
                </xs:simpleType>
              </xs:element>
              <xs:element name="FKAlbumId" type="xs:int" />
            </xs:sequence>
          </xs:complexType>
        </xs:element>
				<xs:element name="gs_AppError">
					<xs:complexType>
						<xs:sequence>
							<xs:element name="AppErrorId" msdata:ReadOnly="true" msdata:AutoIncrement="true" type="xs:int" />
							<xs:element name="FKGalleryId" type="xs:int" />
							<xs:element name="TimeStamp" type="xs:dateTime" />
							<xs:element name="ExceptionType">
								<xs:simpleType>
									<xs:restriction base="xs:string">
										<xs:maxLength value="1000" />
									</xs:restriction>
								</xs:simpleType>
							</xs:element>
							<xs:element name="Message">
								<xs:simpleType>
									<xs:restriction base="xs:string">
										<xs:maxLength value="4000" />
									</xs:restriction>
								</xs:simpleType>
							</xs:element>
							<xs:element name="Source">
								<xs:simpleType>
									<xs:restriction base="xs:string">
										<xs:maxLength value="1000" />
									</xs:restriction>
								</xs:simpleType>
							</xs:element>
							<xs:element name="TargetSite">
								<xs:simpleType>
									<xs:restriction base="xs:string">
										<xs:maxLength value="2147483647" />
									</xs:restriction>
								</xs:simpleType>
							</xs:element>
							<xs:element name="StackTrace">
								<xs:simpleType>
									<xs:restriction base="xs:string">
										<xs:maxLength value="2147483647" />
									</xs:restriction>
								</xs:simpleType>
							</xs:element>
							<xs:element name="ExceptionData">
								<xs:simpleType>
									<xs:restriction base="xs:string">
										<xs:maxLength value="2147483647" />
									</xs:restriction>
								</xs:simpleType>
							</xs:element>
							<xs:element name="InnerExType">
								<xs:simpleType>
									<xs:restriction base="xs:string">
										<xs:maxLength value="1000" />
									</xs:restriction>
								</xs:simpleType>
							</xs:element>
							<xs:element name="InnerExMessage">
								<xs:simpleType>
									<xs:restriction base="xs:string">
										<xs:maxLength value="4000" />
									</xs:restriction>
								</xs:simpleType>
							</xs:element>
							<xs:element name="InnerExSource">
								<xs:simpleType>
									<xs:restriction base="xs:string">
										<xs:maxLength value="1000" />
									</xs:restriction>
								</xs:simpleType>
							</xs:element>
							<xs:element name="InnerExTargetSite">
								<xs:simpleType>
									<xs:restriction base="xs:string">
										<xs:maxLength value="2147483647" />
									</xs:restriction>
								</xs:simpleType>
							</xs:element>
							<xs:element name="InnerExStackTrace">
								<xs:simpleType>
									<xs:restriction base="xs:string">
										<xs:maxLength value="2147483647" />
									</xs:restriction>
								</xs:simpleType>
							</xs:element>
							<xs:element name="InnerExData">
								<xs:simpleType>
									<xs:restriction base="xs:string">
										<xs:maxLength value="2147483647" />
									</xs:restriction>
								</xs:simpleType>
							</xs:element>
							<xs:element name="Url">
								<xs:simpleType>
									<xs:restriction base="xs:string">
										<xs:maxLength value="1000" />
									</xs:restriction>
								</xs:simpleType>
							</xs:element>
							<xs:element name="FormVariables">
								<xs:simpleType>
									<xs:restriction base="xs:string">
										<xs:maxLength value="2147483647" />
									</xs:restriction>
								</xs:simpleType>
							</xs:element>
							<xs:element name="Cookies">
								<xs:simpleType>
									<xs:restriction base="xs:string">
										<xs:maxLength value="2147483647" />
									</xs:restriction>
								</xs:simpleType>
							</xs:element>
							<xs:element name="SessionVariables">
								<xs:simpleType>
									<xs:restriction base="xs:string">
										<xs:maxLength value="2147483647" />
									</xs:restriction>
								</xs:simpleType>
							</xs:element>
							<xs:element name="ServerVariables">
								<xs:simpleType>
									<xs:restriction base="xs:string">
										<xs:maxLength value="2147483647" />
									</xs:restriction>
								</xs:simpleType>
							</xs:element>
						</xs:sequence>
					</xs:complexType>
				</xs:element>
				<xs:element name="gs_SchemaVersion">
          <xs:complexType>
            <xs:sequence>
              <xs:element name="GalleryServerProSchemaVersion" msdata:ReadOnly="true" minOccurs="0">
                <xs:simpleType>
                  <xs:restriction base="xs:string">
                    <xs:maxLength value="255" />
                  </xs:restriction>
                </xs:simpleType>
              </xs:element>
            </xs:sequence>
          </xs:complexType>
        </xs:element>
      </xs:choice>
    </xs:complexType>
  </xs:element>
</xs:schema>